tax_id	abundance	superkingdom	phylum	class	order	family	genus	species	estimated counts
433592	0.013651920827787514	Bacteria	Bacillota	Clostridia	Oscillospirales	Oscillospiraceae	UCG-005	uncultured_bacterium	4.000012802541741
2069855	0.0034129692047150948	Bacteria	Bacillota	Clostridia	Oscillospirales	Oscillospiraceae	UCG-005	uncultured_bacterium	0.9999999769815228
2072259	0.003412969348053643	Bacteria	Bacillota	Clostridia	Oscillospirales	Oscillospiraceae	UCG-005	uncultured_bacterium	1.0000000189797174
1248251	0.0034129256671560936	Bacteria	Bacillota	Clostridia	Oscillospirales	Oscillospiraceae	UCG-005	uncultured_bacterium	0.9999872204767354
2072026	0.013677924475348689	Bacteria	Bacteroidota	Bacteroidia	Bacteroidales	Rikenellaceae	Rikenellaceae_RC9_gut_group	uncultured_bacterium	4.007631871277166
680528	0.00682618080311923	Bacteria	Bacteroidota	Bacteroidia	Bacteroidales	Rikenellaceae	Rikenellaceae_RC9_gut_group	uncultured_bacterium	2.0000709753139345
2071180	0.006825781518992013	Bacteria	Bacteroidota	Bacteroidia	Bacteroidales	Rikenellaceae	Rikenellaceae_RC9_gut_group	uncultured_bacterium	1.9999539850646597
1220700	0.006454272600312171	Bacteria	Bacteroidota	Bacteroidia	Bacteroidales	Rikenellaceae	Rikenellaceae_RC9_gut_group	uncultured_Rikenella	1.891101871891466
2069869	0.0037585027183567776	Bacteria	Bacteroidota	Bacteroidia	Bacteroidales	Rikenellaceae	Rikenellaceae_RC9_gut_group	uncultured_bacterium	1.1012412964785359
2070988	0.010238907849829351	Bacteria	Bacillota	Clostridia	Lachnospirales	Lachnospiraceae	Roseburia	uncultured_bacterium	3.0
1112594	0.006825938566552901	Bacteria	Bacillota	Clostridia	Peptostreptococcales-Tissierellales	Anaerovoracaceae	Family_XIII_AD3011_group	uncultured_bacterium	2.0
393626	0.0034129692832764505	Bacteria	Bacillota	Clostridia	Clostridia_vadinBB60_group	Incertae_Sedis	Incertae_Sedis	uncultured_rumen	1.0
2071128	0.0034129692837131056	Bacteria	Bacillota	Clostridia	Oscillospirales	Oscillospiraceae	UCG-005	uncultured_bacterium	1.0000000001279399
2087427	0.0034129692832764505	Bacteria	Bacillota	Clostridia	Peptostreptococcales-Tissierellales	Peptostreptococcaceae	Incertae_Sedis	uncultured_bacterium	1.0
1139011	0.010238907849829351	Bacteria	Bacteroidota	Bacteroidia	Bacteroidales	Rikenellaceae	dgA-11_gut_group	uncultured_bacterium	3.0
2071977	0.0034129692832764505	Bacteria	Bacteroidota	Bacteroidia	Bacteroidales	Rikenellaceae	dgA-11_gut_group	uncultured_bacterium	1.0
1414703	0.0034129692832764505	Bacteria	Bacillota	Bacilli	Izemoplasmatales	Incertae_Sedis	Incertae_Sedis	uncultured_bacterium	1.0
2071099	0.00341312142531531	Bacteria	Bacillota	Clostridia	Christensenellales	Christensenellaceae	Christensenellaceae_R-7_group	uncultured_bacterium	1.0000445776173859
1109501	0.0068257864245140415	Bacteria	Bacillota	Clostridia	Christensenellales	Christensenellaceae	Christensenellaceae_R-7_group	uncultured_bacterium	1.9999554223826141
776594	0.0034129692832764505	Bacteria	Bacillota	Clostridia	Oscillospirales	Oscillospiraceae	UCG-005	uncultured_bacterium	1.0
1403716	0.0034129692832764505	Bacteria	Bacillota	Clostridia	Oscillospirales	Oscillospiraceae	UCG-005	uncultured_bacterium	1.0
1246549	0.0034129692832764505	Bacteria	Bacillota	Clostridia	Oscillospirales	UCG-010	Incertae_Sedis	uncultured_bacterium	1.0
1241198	0.006825938566552901	Bacteria	Bacillota	Clostridia	Monoglobales	Monoglobaceae	Monoglobus	uncultured_bacterium	2.0
433737	0.0034150014571743847	Bacteria	Bacillota	Clostridia	Oscillospirales	Oscillospiraceae	UCG-005	uncultured_bacterium	1.0005954269520947
2072020	0.013503191517966025	Bacteria	Bacillota	Clostridia	Oscillospirales	Oscillospiraceae	UCG-005	uncultured_bacterium	3.9564351147640453
2066895	0.006971773944299965	Bacteria	Bacillota	Clostridia	Oscillospirales	Oscillospiraceae	UCG-005	uncultured_bacterium	2.0427297656798897
2070252	0.0034129692832764505	Bacteria	Bacteroidota	Bacteroidia	Bacteroidales	F082	Incertae_Sedis	uncultured_bacterium	1.0
1089643	0.0034129692832764505	Bacteria	Bacillota	Bacilli	RF39	Incertae_Sedis	Incertae_Sedis	uncultured_bacterium	1.0
2067050	0.003898989754739392	Bacteria	Bacillota	Clostridia	Oscillospirales	Oscillospiraceae	UCG-005	uncultured_bacterium	1.1424039981386418
1045548	0.00341296928327635	Bacteria	Bacillota	Clostridia	Oscillospirales	Oscillospiraceae	UCG-005	uncultured_bacterium	0.9999999999999706
1432247	0.003412969218499258	Bacteria	Bacillota	Clostridia	Oscillospirales	Oscillospiraceae	UCG-005	uncultured_bacterium	0.9999999810202825
1247029	0.0034129692832764505	Bacteria	Bacillota	Clostridia	Oscillospirales	UCG-010	Incertae_Sedis	uncultured_bacterium	1.0
1239660	0.0034129692832764505	Bacteria	Bacillota	Clostridia	Peptococcales	Peptococcaceae	Incertae_Sedis	uncultured_bacterium	1.0
1445167	0.006827331216989659	Bacteria	Bacteroidota	Bacteroidia	Bacteroidales	Rikenellaceae	Rikenellaceae_RC9_gut_group	uncultured_Bacteroidales	2.00040804657797
1245911	0.0068245459161161435	Bacteria	Bacteroidota	Bacteroidia	Bacteroidales	Rikenellaceae	Rikenellaceae_RC9_gut_group	uncultured_bacterium	1.99959195342203
609646	0.0034129692832764505	Bacteria	Bacillota	Clostridia	Oscillospirales	Oscillospiraceae	Incertae_Sedis	uncultured_bacterium	1.0
1240358	0.006823187033730696	Bacteria	Bacillota	Clostridia	Oscillospirales	Oscillospiraceae	Incertae_Sedis	uncultured_bacterium	1.9991938008830938
1451564	0.003415720816098656	Bacteria	Bacillota	Clostridia	Oscillospirales	Oscillospiraceae	Incertae_Sedis	uncultured_Ruminococcaceae	1.0008061991169062
1240080	0.006825938566552901	Bacteria	Bacillota	Clostridia	Oscillospirales	Oscillospiraceae	Incertae_Sedis	uncultured_bacterium	2.0
433948	0.006825938566553104	Bacteria	Bacillota	Clostridia	Oscillospirales	Oscillospiraceae	UCG-005	uncultured_bacterium	2.0000000000000595
932698	0.0034129692832764505	Bacteria	Bacillota	Clostridia	Christensenellales	Christensenellaceae	Christensenellaceae_R-7_group	uncultured_rumen	1.0
1451303	0.0034129692832764505	Bacteria	Bacillota	Clostridia	Oscillospirales	Oscillospiraceae	UCG-005	uncultured_Ruminococcaceae	1.0
433360	0.00682294160268707	Bacteria	Bacillota	Clostridia	Oscillospirales	UCG-010	Incertae_Sedis	uncultured_bacterium	1.9991218895873115
1246262	0.006825938566552901	Bacteria	Bacillota	Clostridia	Lachnospirales	Lachnospiraceae	Incertae_Sedis	uncultured_bacterium	2.0
1085351	0.006825938550209754	Bacteria	Bacillota	Clostridia	Oscillospirales	Oscillospiraceae	UCG-005	uncultured_bacterium	1.9999999952114578
1243674	0.0034129692832764505	Bacteria	Bacillota	Clostridia	Lachnospirales	Lachnospiraceae	Tyzzerella	uncultured_bacterium	1.0
1446548	0.0034129692832764505	Bacteria	Pseudomonadota	Gammaproteobacteria	Burkholderiales	Sutterellaceae	Parasutterella	uncultured_Burkholderiales	1.0
1240522	0.013651877133105802	Bacteria	Bacillota	Clostridia	Clostridia_vadinBB60_group	Incertae_Sedis	Incertae_Sedis	uncultured_bacterium	4.0
2066792	0.0034129692832764505	Bacteria	Bacillota	Clostridia	Lachnospirales	Lachnospiraceae	Lachnospiraceae_FCS020_group	uncultured_bacterium	1.0
2072744	0.006825938566552901	Bacteria	Bacillota	Clostridia	Oscillospirales	Ruminococcaceae	Candidatus_Soleaferrea	uncultured_bacterium	2.0
2064588	0.0034148031638990203	Bacteria	Bacillota	Clostridia	Oscillospirales	Oscillospiraceae	UCG-005	uncultured_bacterium	1.000537327022413
2074870	0.0034129692832764505	Bacteria	Bacillota	Clostridia	Oscillospirales	Oscillospiraceae	Incertae_Sedis	uncultured_bacterium	1.0
1365836	0.0034129692832764505	Bacteria	Bacillota	Clostridia	Oscillospirales	Oscillospiraceae	Flavonifractor	uncultured_bacterium	1.0
1097307	0.0034129692832764505	Bacteria	Bacillota	Clostridia	Oscillospirales	UCG-010	Incertae_Sedis	uncultured_bacterium	1.0
2072164	0.0034129692832764505	Bacteria	Bacillota	Clostridia	Oscillospirales	UCG-010	Incertae_Sedis	uncultured_bacterium	1.0
1406857	0.003412868354459889	Bacteria	Bacillota	Clostridia	Lachnospirales	Lachnospiraceae	Marvinbryantia	uncultured_bacterium	0.9999704278567474
1099344	0.003413070232416787	Bacteria	Bacillota	Clostridia	Lachnospirales	Lachnospiraceae	Marvinbryantia	uncultured_bacterium	1.0000295780981185
2073694	0.013166676118638795	Bacteria	Bacillota	Clostridia	Oscillospirales	Oscillospiraceae	UCG-005	uncultured_bacterium	3.857836102761167
2070540	0.006825937271942304	Bacteria	Bacillota	Clostridia	Oscillospirales	Oscillospiraceae	UCG-005	uncultured_bacterium	1.999999620679095
1445380	0.0068026968239133035	Bacteria	Bacteroidota	Bacteroidia	Bacteroidales	Rikenellaceae	Rikenellaceae_RC9_gut_group	uncultured_Bacteroidales	1.9931901694065979
1092646	0.0034362109176723195	Bacteria	Bacteroidota	Bacteroidia	Bacteroidales	Rikenellaceae	Rikenellaceae_RC9_gut_group	uncultured_bacterium	1.0068097988779896
358673	0.0034129693915201783	Bacteria	Bacteroidota	Bacteroidia	Bacteroidales	Rikenellaceae	Rikenellaceae_RC9_gut_group	uncultured_bacterium	1.0000000317154123
2065779	0.003412969283276352	Bacteria	Bacteroidota	Bacteroidia	Bacteroidales	Rikenellaceae	Rikenellaceae_RC9_gut_group	uncultured_bacterium	0.9999999999999711
318218	0.0034129692832764505	Bacteria	Bacillota	Clostridia	Oscillospirales	Butyricicoccaceae	UCG-008	uncultured_bacterium	1.0
1235841	0.006825938468709386	Bacteria	Bacillota	Clostridia	Oscillospirales	Oscillospiraceae	UCG-005	uncultured_bacterium	1.99999997133185
1808586	0.0034129692832764505	Bacteria	Bacillota	Bacilli	RF39	Incertae_Sedis	Incertae_Sedis	uncultured_bacterium	1.0
1111723	0.0034129692832764505	Bacteria	Bacillota	Bacilli	Izemoplasmatales	Incertae_Sedis	Incertae_Sedis	uncultured_bacterium	1.0
1242655	0.00682625321330744	Bacteria	Bacillota	Clostridia	Oscillospirales	UCG-010	Incertae_Sedis	uncultured_bacterium	2.00009219149908
1243580	0.0034129692598721868	Bacteria	Bacillota	Clostridia	Lachnospirales	Lachnospiraceae	Coprococcus	uncultured_bacterium	0.9999999931425507
1110919	0.0034129692832764505	Bacteria	Bacillota	Clostridia	Lachnospirales	Lachnospiraceae	Mediterraneibacter	uncultured_bacterium	1.0
681172	0.0034129692832764505	Bacteria	Bacillota	Clostridia	Lachnospirales	Lachnospiraceae	Coprococcus	uncultured_bacterium	1.0
2072108	0.003412969282928832	Bacteria	Bacillota	Clostridia	Oscillospirales	Oscillospiraceae	UCG-005	uncultured_bacterium	0.9999999998981477
1030276	0.0034129692832764505	Bacteria	Bacillota	Clostridia	Christensenellales	Christensenellaceae	Christensenellaceae_R-7_group	uncultured_bacterium	1.0
2066774	0.003412968781883952	Bacteria	Bacillota	Clostridia	Lachnospirales	Lachnospiraceae	Lachnoclostridium	uncultured_bacterium	0.9999998530919979
608875	0.003412969784668949	Bacteria	Bacillota	Clostridia	Lachnospirales	Lachnospiraceae	Lachnoclostridium	uncultured_bacterium	1.000000146908002
1091908	0.0034129692832764505	Bacteria	Bacillota	Clostridia	Monoglobales	Monoglobaceae	Monoglobus	uncultured_bacterium	1.0
1444585	0.0034129692832764505	Bacteria	Bacillota	Clostridia	Lachnospirales	Lachnospiraceae	Dorea	uncultured_Lachnospiraceae	1.0
1104076	0.0034129692832764505	Bacteria	Bacillota	Clostridia	Monoglobales	Monoglobaceae	Monoglobus	uncultured_bacterium	1.0
1098663	0.0034129692832764505	Bacteria	Bacillota	Clostridia	Oscillospirales	UCG-010	Incertae_Sedis	uncultured_bacterium	1.0
1404234	0.0034129692832764505	Bacteria	Bacillota	Clostridia	Oscillospirales	Ruminococcaceae	Acutalibacter	uncultured_bacterium	1.0
1454142	0.0034129692832764505	Bacteria	Bacillota	Clostridia	Oscillospirales	UCG-010	Incertae_Sedis	uncultured_Ruminococcaceae	1.0
2071606	0.0034129692832764505	Bacteria	Bacillota	Clostridia	Oscillospirales	Ruminococcaceae	Incertae_Sedis	uncultured_bacterium	1.0
2064844	0.0034129692832764505	Bacteria	Bacillota	Clostridia	Oscillospirales	Oscillospiraceae	NK4A214_group	uncultured_bacterium	1.0
1243281	0.003412969283187515	Bacteria	Bacillota	Clostridia	Oscillospirales	Oscillospiraceae	UCG-005	uncultured_bacterium	0.999999999973942
1248928	0.0034129692832764505	Bacteria	Bacillota	Clostridia	Oscillospirales	Ruminococcaceae	Acutalibacter	uncultured_bacterium	1.0
1246107	0.0034129692832764505	Bacteria	Bacillota	Clostridia	Lachnospirales	Lachnospiraceae	Incertae_Sedis	uncultured_bacterium	1.0
1098795	0.0034129692832764505	Bacteria	Bacillota	Clostridia	Oscillospirales	Oscillospiraceae	UCG-005	uncultured_bacterium	1.0
1235792	0.0034129692832764466	Bacteria	Bacillota	Clostridia	Oscillospirales	UCG-010	Incertae_Sedis	uncultured_bacterium	0.9999999999999989
2066822	0.006828935530418736	Bacteria	Bacillota	Clostridia	Oscillospirales	UCG-010	Incertae_Sedis	uncultured_bacterium	2.00087811041269
1068438	0.0034129692832764505	Bacteria	Bacillota	Clostridia	Oscillospirales	UCG-010	Incertae_Sedis	uncultured_bacterium	1.0
2069663	0.0068259272231097805	Bacteria	Cyanobacteriota	Vampirivibrionia	Gastranaerophilales	Gastranaerophilaceae	CAG-196	uncultured_bacterium	1.9999966763711656
1447098	0.003412980626719571	Bacteria	Cyanobacteriota	Vampirivibrionia	Gastranaerophilales	Gastranaerophilaceae	CAG-196	uncultured_bacterium	1.0000033236288344
1236486	0.0034129692832764505	Bacteria	Bacillota	Clostridia	Oscillospirales	UCG-010	Incertae_Sedis	uncultured_bacterium	1.0
1404390	0.0034129692832764505	Bacteria	Bacillota	Clostridia	Oscillospirales	Ruminococcaceae	Ruminococcus	uncultured_bacterium	1.0
1244151	0.006825938566552901	Bacteria	Bacillota	Clostridia	Oscillospirales	UCG-010	Incertae_Sedis	uncultured_bacterium	2.0
2064987	0.0034129692832764505	Bacteria	Bacillota	Clostridia	Oscillospirales	UCG-010	Incertae_Sedis	uncultured_bacterium	1.0
1241561	0.0034129692832764505	Bacteria	Bacillota	Clostridia	Oscillospirales	UCG-010	Incertae_Sedis	uncultured_bacterium	1.0
476789	0.0034129692832764505	Bacteria	Verrucomicrobiota	Lentisphaeria	Victivallales	Victivallaceae	Incertae_Sedis	uncultured_rumen	1.0
1098415	0.0034129692832200655	Bacteria	Bacillota	Clostridia	Christensenellales	Christensenellaceae	Christensenellaceae_R-7_group	uncultured_bacterium	0.9999999999834792
1239906	0.0034129692833328356	Bacteria	Bacillota	Clostridia	Christensenellales	Christensenellaceae	Christensenellaceae_R-7_group	uncultured_bacterium	1.0000000000165208
1449572	0.006825938566552901	Bacteria	Bacteroidota	Bacteroidia	Bacteroidales	Bacteroidales_RF16_group	Incertae_Sedis	uncultured_Porphyromonadaceae	2.0
1092133	0.0034129692832764505	Bacteria	Bacillota	Clostridia	Oscillospirales	Butyricicoccaceae	UCG-009	uncultured_bacterium	1.0
923561	0.0034129692832764505	Bacteria	Bacillota	Clostridia	Lachnospirales	Lachnospiraceae	Acetitomaculum	uncultured_rumen	1.0
1811230	0.0034129692832764505	Bacteria	Bacillota	Clostridia	Lachnospirales	Lachnospiraceae	Lachnospiraceae_FCS020_group	uncultured_bacterium	1.0
1809980	0.0034129692832764505	Bacteria	Bacillota	Clostridia	Oscillospirales	Oscillospiraceae	Incertae_Sedis	uncultured_bacterium	1.0
2042926	0.0034129692832764505	Bacteria	Bacillota	Clostridia	Monoglobales	Monoglobaceae	Monoglobus	uncultured_bacterium	1.0
2071084	0.0034129692832764505	Bacteria	Bacillota	Clostridia	Oscillospirales	Oscillospiraceae	Ruminiclostridium	uncultured_bacterium	1.0
2070851	0.010238907849829351	Bacteria	Bacillota	Clostridia	Oscillospirales	UCG-010	Incertae_Sedis	uncultured_bacterium	3.0
1086928	0.0034129692832764505	Bacteria	Bacillota	Clostridia	Oscillospirales	UCG-010	Incertae_Sedis	uncultured_bacterium	1.0
2068447	0.003412969302043274	Bacteria	Bacillota	Clostridia	Oscillospirales	[Eubacterium]_coprostanoligenes_group	Incertae_Sedis	uncultured_bacterium	1.0000000054986793
1088814	0.003412969264509627	Bacteria	Bacillota	Clostridia	Oscillospirales	[Eubacterium]_coprostanoligenes_group	Incertae_Sedis	uncultured_bacterium	0.9999999945013207
1451478	0.0034129692832764505	Bacteria	Bacillota	Clostridia	Oscillospirales	UCG-010	Incertae_Sedis	uncultured_Ruminococcaceae	1.0
1432103	0.0034129692832764505	Bacteria	Bacillota	Clostridia	Oscillospirales	UCG-010	Incertae_Sedis	uncultured_bacterium	1.0
222123	0.0034129692832764505	Bacteria	Bacillota	Clostridia	Peptostreptococcales-Tissierellales	Anaerovoracaceae	Family_XIII_AD3011_group	uncultured_bacterium	1.0
433255	0.006825938566552901	Bacteria	Bacillota	Clostridia	Oscillospirales	[Eubacterium]_coprostanoligenes_group	Incertae_Sedis	uncultured_bacterium	2.0
1445385	0.003412969283276752	Bacteria	Bacillota	Clostridia	Lachnospirales	Lachnospiraceae	Incertae_Sedis	uncultured_Lachnospiraceae	1.0000000000000884
1243241	0.0034129692832761487	Bacteria	Bacillota	Clostridia	Lachnospirales	Lachnospiraceae	Incertae_Sedis	uncultured_bacterium	0.9999999999999115
1446024	0.006825938566552901	Bacteria	Bacillota	Clostridia	Peptostreptococcales-Tissierellales	Anaerovoracaceae	Family_XIII_AD3011_group	uncultured_Clostridiales	2.0
1091916	0.0034129692831886245	Bacteria	Bacteroidota	Bacteroidia	Bacteroidales	Rikenellaceae	Rikenellaceae_RC9_gut_group	uncultured_bacterium	0.999999999974267
926226	0.0034129692832764505	Bacteria	Bacillota	Clostridia	Oscillospirales	[Eubacterium]_coprostanoligenes_group	Incertae_Sedis	uncultured_rumen	1.0
1814435	0.003415298315576809	Bacteria	Bacillota	Clostridia	Oscillospirales	[Eubacterium]_coprostanoligenes_group	Incertae_Sedis	uncultured_bacterium	1.000682406464005
1809230	0.003410640250976093	Bacteria	Bacillota	Clostridia	Oscillospirales	[Eubacterium]_coprostanoligenes_group	Incertae_Sedis	uncultured_bacterium	0.9993175935359953
1813982	0.0034129692832764505	Bacteria	Bacillota	Clostridia	Clostridia_UCG-014	Incertae_Sedis	Incertae_Sedis	uncultured_bacterium	1.0
2072235	0.0034129692822293155	Bacteria	Bacillota	Clostridia	Oscillospirales	Oscillospiraceae	UCG-005	uncultured_bacterium	0.9999999996931894
1235695	0.0034127661651983995	Bacteria	Bacillota	Clostridia	Oscillospirales	UCG-010	Incertae_Sedis	uncultured_bacterium	0.999940486403131
2068617	0.00464206560967241	Bacteria	Bacillota	Clostridia	Oscillospirales	UCG-010	Incertae_Sedis	uncultured_bacterium	1.360125223634016
432937	0.005596842240156942	Bacteria	Bacillota	Clostridia	Oscillospirales	UCG-010	Incertae_Sedis	uncultured_bacterium	1.6398747763659842
1437979	0.0034129692832764505	Bacteria	Bacillota	Clostridia	Oscillospirales	[Eubacterium]_coprostanoligenes_group	Incertae_Sedis	uncultured_bacterium	1.0
1068649	0.003419021605458289	Bacteria	Bacillota	Clostridia	Lachnospirales	Lachnospiraceae	Roseburia	uncultured_bacterium	1.0017733303992786
1452338	0.0034129692832764505	Bacteria	Bacteroidota	Bacteroidia	Bacteroidales	Bacteroidaceae	Bacteroides	uncultured_Bacteroides	1.0
1273825	0.0034129692832764505	Bacteria	Bacillota	Clostridia	Oscillospirales	Oscillospiraceae	UCG-005	uncultured_bacterium	1.0
2072433	0.006825939294809625	Bacteria	Bacillota	Clostridia	Lachnospirales	Lachnospiraceae	Roseburia	uncultured_bacterium	2.00000021337922
1455060	0.0034129685550197265	Bacteria	Bacillota	Clostridia	Lachnospirales	Lachnospiraceae	Roseburia	uncultured_Lachnospiraceae	0.9999997866207798
1246317	0.0034129692832933494	Bacteria	Bacillota	Clostridia	Oscillospirales	Oscillospiraceae	UCG-005	uncultured_bacterium	1.0000000000049514
1449616	0.003413186088733572	Bacteria	Bacillota	Clostridia	Oscillospirales	Oscillospiraceae	UCG-005	uncultured_Ruminococcaceae	1.0000635239989366
1110102	0.0034129692832764505	Bacteria	Bacillota	Bacilli	Erysipelotrichales	Erysipelotrichaceae	Anaerorhabdus	uncultured_bacterium	1.0
1245431	0.0068259385462291254	Bacteria	Bacillota	Clostridia	Lachnospirales	Lachnospiraceae	Marvinbryantia	uncultured_bacterium	1.9999999940451338
1096547	0.0034129692832764505	Bacteria	Bacillota	Clostridia	Oscillospirales	UCG-010	Incertae_Sedis	uncultured_bacterium	1.0
1811401	0.0034129692832764505	Bacteria	Bacillota	Clostridia	Oscillospirales	Oscillospiraceae	UCG-005	uncultured_bacterium	1.0
1078026	0.0034129692832764505	Bacteria	Bacillota	Clostridia	Oscillospirales	Oscillospiraceae	Colidextribacter	uncultured_bacterium	1.0
1044678	0.0034129692832764505	Bacteria	Bacillota	Clostridia	Oscillospirales	Oscillospiraceae	UCG-005	uncultured_bacterium	1.0
1588962	0.0034129692832764505	Bacteria	Bacillota	Bacilli	Bacillales	Bacillaceae	Bacillus	Bacillus_intestinalis	1.0
765725	0.0034129692832764505	Bacteria	Bacillota	Bacilli	Bacillales	Bacillaceae	Bacillus	Bacillus_subtilis	1.0
10907	0.0034129692832764505	Bacteria	Pseudomonadota	Alphaproteobacteria	Caulobacterales	Caulobacteraceae	Brevundimonas	Brevundimonas_sp.	1.0
1446066	0.0034129692832764505	Bacteria	Bacteroidota	Bacteroidia	Bacteroidales	Prevotellaceae	Pseudoprevotella	uncultured_Bacteroidales	1.0
1070124	0.0034129692902012637	Bacteria	Bacillota	Clostridia	Oscillospirales	Oscillospiraceae	Incertae_Sedis	uncultured_bacterium	1.0000000020289703
1425780	0.0034129692832764505	Bacteria	Bacillota	Clostridia	Oscillospirales	UCG-010	Incertae_Sedis	uncultured_bacterium	1.0
1244930	0.006825938566552901	Bacteria	Bacillota	Clostridia	Oscillospirales	UCG-010	Incertae_Sedis	uncultured_bacterium	2.0
2066252	0.0034129692832764505	Bacteria	Bacillota	Clostridia	Oscillospirales	Oscillospiraceae	UCG-005	uncultured_bacterium	1.0
2066093	0.003412969276351637	Bacteria	Bacillota	Clostridia	Oscillospirales	Oscillospiraceae	Incertae_Sedis	uncultured_bacterium	0.9999999979710297
1242429	0.0034129692832764505	Bacteria	Bacteroidota	Bacteroidia	Bacteroidales	Rikenellaceae	Alistipes	uncultured_bacterium	1.0
1449763	0.006825938566552921	Bacteria	Bacillota	Clostridia	Oscillospirales	Oscillospiraceae	UCG-005	uncultured_Ruminococcaceae	2.0000000000000058
1401864	0.0034129692832764505	Bacteria	Bacillota	Clostridia	Lachnospirales	Lachnospiraceae	[Eubacterium]_oxidoreducens_group	uncultured_bacterium	1.0
1235868	0.0034129692832764505	Bacteria	Bacillota	Clostridia	Oscillospirales	UCG-010	Incertae_Sedis	uncultured_bacterium	1.0
2072457	0.0034129692832764505	Bacteria	Bacillota	Clostridia	Oscillospirales	[Eubacterium]_coprostanoligenes_group	Incertae_Sedis	uncultured_bacterium	1.0
358593	0.0034129692832764505	Bacteria	Bacillota	Clostridia	Lachnospirales	Lachnospiraceae	Incertae_Sedis	uncultured_bacterium	1.0
1105095	0.0034129692832764505	Bacteria	Bacillota	Clostridia	Peptococcales	Peptococcaceae	Incertae_Sedis	uncultured_bacterium	1.0
1240325	0.0034129692832764505	Bacteria	Bacteroidota	Bacteroidia	Bacteroidales	Prevotellaceae	Prevotellaceae_UCG-004	uncultured_bacterium	1.0
1078910	0.0034129692832764505	Bacteria	Bacillota	Clostridia	Clostridia_UCG-014	Incertae_Sedis	Incertae_Sedis	uncultured_bacterium	1.0
1244432	0.0034111354260588406	Bacteria	Bacillota	Clostridia	Oscillospirales	Oscillospiraceae	UCG-005	uncultured_bacterium	0.9994626798352403
1239729	0.0034129692832764505	Bacteria	Verrucomicrobiota	Verrucomicrobiia	Verrucomicrobiales	Akkermansiaceae	Akkermansia	uncultured_bacterium	1.0
1247169	0.0034129692832764505	Bacteria	Bacillota	Clostridia	Monoglobales	Monoglobaceae	Monoglobus	uncultured_bacterium	1.0
1425525	0.0034129692832764505	Bacteria	Bacillota	Clostridia	Monoglobales	Monoglobaceae	Monoglobus	uncultured_bacterium	1.0
1087706	0.0034129692832764505	Bacteria	Bacillota	Clostridia	Lachnospirales	Lachnospiraceae	Lachnospiraceae_NK4A136_group	uncultured_bacterium	1.0
1088367	0.0034129692832764505	Bacteria	Bacillota	Clostridia	Incertae_Sedis	Incertae_Sedis	Incertae_Sedis	uncultured_bacterium	1.0
1243419	0.003412965189073454	Bacteria	Bacillota	Clostridia	Oscillospirales	UCG-010	Incertae_Sedis	uncultured_bacterium	0.999998800398522
1236332	0.003412861848802959	Bacteria	Bacillota	Clostridia	Oscillospirales	UCG-010	Incertae_Sedis	uncultured_bacterium	0.999968521699267
1243098	0.0034129692832764505	Bacteria	Bacillota	Clostridia	Oscillospirales	UCG-010	Incertae_Sedis	uncultured_bacterium	1.0
1104863	0.006825938566552901	Bacteria	Bacillota	Clostridia	Clostridia_UCG-014	Incertae_Sedis	Incertae_Sedis	uncultured_bacterium	2.0
1242405	0.0034127524778024302	Bacteria	Bacillota	Clostridia	Oscillospirales	Oscillospiraceae	UCG-005	uncultured_bacterium	0.999936475996112
1240210	0.0034129692832764505	Bacteria	Bacillota	Clostridia	Oscillospirales	UCG-010	Incertae_Sedis	uncultured_bacterium	1.0
723938	0.003406916961094612	Bacteria	Bacillota	Clostridia	Lachnospirales	Lachnospiraceae	Roseburia	Roseburia_sp.	0.9982266696007214
1452295	0.0034129692832764505	Bacteria	Verrucomicrobiota	Kiritimatiellia	WCHB1-41	Incertae_Sedis	Incertae_Sedis	uncultured_Kiritimatiellaeota	1.0
2066601	0.006825938566552901	Bacteria	Bacillota	Clostridia	Lachnospirales	Lachnospiraceae	Tyzzerella	uncultured_bacterium	2.0
359508	0.006825938582896033	Bacteria	Bacillota	Clostridia	Oscillospirales	Oscillospiraceae	UCG-005	uncultured_bacterium	2.0000000047885376
1096207	0.0034129692832764505	Bacteria	Bacillota	Clostridia	Oscillospirales	UCG-010	Incertae_Sedis	uncultured_bacterium	1.0
391225	0.006825938566552901	Bacteria	Bacillota	Clostridia	Oscillospirales	UCG-011	Incertae_Sedis	uncultured_bacterium	2.0
1136604	0.0034129692832764505	Bacteria	Bacillota	Clostridia	Lachnospirales	Lachnospiraceae	Lachnospiraceae_NK4A136_group	uncultured_bacterium	1.0
160660	0.0034129692832764505	Bacteria	Actinomycetota	Actinobacteria	Propionibacteriales	Propionibacteriaceae	Cutibacterium	Cutibacterium_acnes	1.0
2032690	0.0034129692832764505	Bacteria	Bacillota	Bacilli	Erysipelotrichales	Erysipelatoclostridiaceae	Coprobacillus	uncultured_bacterium	1.0
2035703	0.0034129692832764505	Bacteria	Bacillota	Clostridia	Monoglobales	Monoglobaceae	Monoglobus	uncultured_bacterium	1.0
1212616	0.0034129692832764505	Bacteria	Cyanobacteriota	Vampirivibrionia	Gastranaerophilales	Gastranaerophilaceae	Incertae_Sedis	uncultured_bacterium	1.0
2066283	0.0034129692832757497	Bacteria	Bacillota	Clostridia	Oscillospirales	Oscillospiraceae	UCG-005	uncultured_bacterium	0.9999999999997947
766146	0.0034129692832764505	Bacteria	Pseudomonadota	Gammaproteobacteria	Enterobacterales	Pasteurellaceae	Haemophilus	uncultured_bacterium	1.0
1242175	0.0034129692832764505	Bacteria	Bacillota	Clostridia	Peptostreptococcales-Tissierellales	Anaerovoracaceae	Anaerovorax	uncultured_bacterium	1.0
694689	0.0034129692832764505	Bacteria	Bacillota	Clostridia	Christensenellales	Christensenellaceae	Christensenellaceae_R-7_group	uncultured_bacterium	1.0
401937	0.0034129692832764505	Bacteria	Bacillota	Clostridia	Oscillospirales	Oscillospiraceae	UCG-005	uncultured_bacterium	1.0
1587061	0.0034129692832764505	Bacteria	Pseudomonadota	Gammaproteobacteria	Burkholderiales	Neisseriaceae	Incertae_Sedis	uncultured_organism	1.0
2036299	0.0034129692832764505	Bacteria	Bacillota	Bacilli	Acholeplasmatales	Acholeplasmataceae	Anaeroplasma	uncultured_bacterium	1.0
2069994	0.006825938566552901	Bacteria	Bacillota	Clostridia	Oscillospirales	Oscillospiraceae	UCG-005	uncultured_bacterium	2.0
2080897	0.0034129692832764505	Bacteria	Bacillota	Clostridia	Christensenellales	Christensenellaceae	Christensenellaceae_R-7_group	uncultured_bacterium	1.0
615421	0.0034129692832764505	Bacteria	Bacillota	Clostridia	Clostridia_UCG-014	Incertae_Sedis	Incertae_Sedis	uncultured_bacterium	1.0
1094042	0.0034129692832764505	Bacteria	Bacillota	Clostridia	Oscillospirales	[Eubacterium]_coprostanoligenes_group	Incertae_Sedis	uncultured_bacterium	1.0
2073933	0.0034129692832764505	Bacteria	Bacillota	Clostridia	Monoglobales	Monoglobaceae	Monoglobus	uncultured_bacterium	1.0
1570681	0.0034129692832764505	Bacteria	Verrucomicrobiota	Kiritimatiellia	WCHB1-41	Incertae_Sedis	Incertae_Sedis	uncultured_rumen	1.0
2075062	0.0034129692832764505	Bacteria	Bacillota	Clostridia	Oscillospirales	Oscillospiraceae	Incertae_Sedis	uncultured_bacterium	1.0
1814880	0.0034129692832764505	Bacteria	Cyanobacteriota	Vampirivibrionia	Gastranaerophilales	Gastranaerophilaceae	Zag_111	uncultured_bacterium	1.0
1814048	0.0034129692832764505	Bacteria	Cyanobacteriota	Vampirivibrionia	Gastranaerophilales	Gastranaerophilaceae	Incertae_Sedis	uncultured_bacterium	1.0
1222458	0.0034129692832764505	Bacteria	Bacteroidota	Bacteroidia	Bacteroidales	Bacteroidaceae	Bacteroides	uncultured_Bacteroides	1.0
2034450	0.0034129692832764505	Bacteria	Bacillota	Clostridia	Clostridia_UCG-014	Incertae_Sedis	Incertae_Sedis	uncultured_bacterium	1.0
2086708	0.0034129692832764505	Bacteria	Bacillota	Clostridia	Peptostreptococcales-Tissierellales	Peptostreptococcaceae	Romboutsia	uncultured_bacterium	1.0
2071845	0.0034129692832764505	Bacteria	Bacillota	Clostridia	Oscillospirales	UCG-010	Incertae_Sedis	uncultured_bacterium	1.0
1405747	0.0034129692832764505	Bacteria	Bacillota	Clostridia	Christensenellales	Christensenellaceae	Christensenellaceae_R-7_group	uncultured_bacterium	1.0
609094	0.0034129692832764505	Bacteria	Bacillota	Clostridia	Oscillospirales	Ruminococcaceae	Incertae_Sedis	uncultured_bacterium	1.0
2072895	0.0034129692832764505	Bacteria	Bacillota	Clostridia	Monoglobales	Monoglobaceae	Monoglobus	uncultured_bacterium	1.0
2067254	0.0034129692832764505	Bacteria	Bacillota	Clostridia	Oscillospirales	Oscillospiraceae	Incertae_Sedis	uncultured_bacterium	1.0
174517	0.0034129692832764505	Bacteria	Pseudomonadota	Gammaproteobacteria	Lysobacterales	Lysobacteraceae	Stenotrophomonas	[Pseudomonas]_geniculata	1.0
743103	0.0034129692832764505	Bacteria	Bacillota	Bacilli	Bacillales	Planococcaceae	Psychrobacillus	uncultured_bacterium	1.0
1351728	0.0034129692832764505	Bacteria	Bacillota	Clostridia	Oscillospirales	Oscillospiraceae	NK4A214_group	uncultured_bacterium	1.0
604189	0.003412969283277796	Bacteria	Bacillota	Clostridia	Lachnospirales	Lachnospiraceae	Acetitomaculum	uncultured_bacterium	1.0000000000003941
934666	0.0034129692832751057	Bacteria	Bacillota	Clostridia	Lachnospirales	Lachnospiraceae	Acetitomaculum	uncultured_rumen	0.999999999999606
2072337	0.0034129692832764505	Bacteria	Bacillota	Clostridia	Oscillospirales	UCG-010	Incertae_Sedis	uncultured_bacterium	1.0
1414341	0.0034129692832764505	Bacteria	Bacillota	Clostridia	Lachnospirales	Lachnospiraceae	Lachnospiraceae_NK4A136_group	uncultured_bacterium	1.0
1245449	0.0034129692832764505	Bacteria	Bacillota	Clostridia	Oscillospirales	Oscillospiraceae	UCG-005	uncultured_bacterium	1.0
1083003	0.0034129692832764505	Bacteria	Bacillota	Clostridia	Oscillospirales	Oscillospiraceae	UCG-005	uncultured_bacterium	1.0
1402651	0.0034129692832764505	Bacteria	Bacillota	Clostridia	Oscillospirales	Oscillospiraceae	Oscillospira	uncultured_bacterium	1.0
1095614	0.0034129692832764505	Bacteria	Verrucomicrobiota	Verrucomicrobiia	Verrucomicrobiales	Akkermansiaceae	Akkermansia	uncultured_bacterium	1.0
1096083	0.0034129692832764505	Bacteria	Bacillota	Clostridia	Monoglobales	Monoglobaceae	Monoglobus	uncultured_bacterium	1.0
1238122	0.0034129692832764505	Bacteria	Bacillota	Clostridia	Peptostreptococcales-Tissierellales	Anaerovoracaceae	[Eubacterium]_brachy_group	uncultured_bacterium	1.0
1106711	0.0034129692832764505	Bacteria	Bacillota	Clostridia	Oscillospirales	Oscillospiraceae	NK4A214_group	uncultured_bacterium	1.0
1092058	0.0034129692832764505	Bacteria	Bacillota	Bacilli	Bacillales	Bacillaceae	Peribacillus	uncultured_bacterium	1.0
1095437	0.0034129692832764505	Bacteria	Bacteroidota	Bacteroidia	Bacteroidales	Rikenellaceae	Rikenellaceae_RC9_gut_group	uncultured_bacterium	1.0
2072024	0.0034129692832764505	Bacteria	Bacillota	Clostridia	Oscillospirales	Oscillospiraceae	UCG-005	uncultured_bacterium	1.0
1451804	0.0034129692832764505	Bacteria	Bacteroidota	Bacteroidia	Bacteroidales	Bacteroidales_RF16_group	Incertae_Sedis	uncultured_Porphyromonadaceae	1.0
1238636	0.003412969283276339	Bacteria	Bacillota	Clostridia	Oscillospirales	Oscillospiraceae	UCG-005	uncultured_bacterium	0.9999999999999674
1086887	0.0034129692832764505	Bacteria	Bacteroidota	Bacteroidia	Bacteroidales	Bacteroidaceae	Bacteroides	uncultured_bacterium	1.0
1239485	0.0034129692832764505	Bacteria	Bacillota	Clostridia	Lachnospirales	Lachnospiraceae	Incertae_Sedis	uncultured_bacterium	1.0
2072204	0.0034129692832764505	Bacteria	Bacillota	Clostridia	Oscillospirales	Butyricicoccaceae	UCG-009	uncultured_bacterium	1.0
2065731	0.0034129692832764505	Bacteria	Bacillota	Clostridia	Oscillospirales	UCG-010	Incertae_Sedis	uncultured_bacterium	1.0
605420	0.0034129692832764505	Bacteria	Bacillota	Clostridia	Oscillospirales	Oscillospiraceae	NK4A214_group	uncultured_bacterium	1.0
1452248	0.0034129692832764505	Bacteria	Bacillota	Clostridia	Oscillospirales	UCG-010	Incertae_Sedis	uncultured_Ruminococcaceae	1.0
1242135	0.0034129692832764505	Bacteria	Bacillota	Clostridia	Oscillospirales	UCG-010	Incertae_Sedis	uncultured_bacterium	1.0
1413131	0.0034129692832764505	Bacteria	Bacillota	Clostridia	Clostridia_vadinBB60_group	Incertae_Sedis	Incertae_Sedis	uncultured_bacterium	1.0
1812977	0.0034129692832764505	Bacteria	Bacillota	Clostridia	Oscillospirales	UCG-010	Incertae_Sedis	uncultured_bacterium	1.0
2069711	0.0034129692832764505	Bacteria	Bacillota	Clostridia	Clostridia_vadinBB60_group	Incertae_Sedis	Incertae_Sedis	uncultured_bacterium	1.0
1556480	0.0034129692832764505	Bacteria	Bacillota	Clostridia	Lachnospirales	Lachnospiraceae	Marvinbryantia	uncultured_bacterium	1.0
unmapped	0.0								4.0
mapped_filtered	0.0								0.0
mapped_unclassified	0.0								16.0
